-- TradeChanges
-- Author: makak
-- DateCreated: 2019-11-23 12:44:13
--------------------------------------------------------------

-- this file deals with changing the yields of trade routes

INSERT INTO Types (Type, Kind)
VALUES ('MAK_TRAIT_DOMESTIC_TRADE_ROUTE', 'KIND_TRAIT');

INSERT INTO Traits (TraitType, InternalOnly)
VALUES ('MAK_TRAIT_DOMESTIC_TRADE_ROUTE', 1);

INSERT INTO LeaderTraits (TraitType, LeaderType)
VALUES ('MAK_TRAIT_DOMESTIC_TRADE_ROUTE', 'LEADER_DEFAULT');

INSERT INTO Modifiers (ModifierId, ModifierType, SubjectRequirementSetId)
VALUES
 ('MAK_MODIFIER_DOMESTIC_TRADE_ROUTE_ORIGIN', 'MODIFIER_PLAYER_ADJUST_TRADE_ROUTE_YIELD_PER_TERRAIN_DOMESTIC', NULL),
 ('MAK_MODIFIER_DOMESTIC_TRADE_ROUTE_DESTINATION', 'MODIFIER_PLAYER_ADJUST_TRADE_ROUTE_YIELD_PER_TERRAIN_DOMESTIC', NULL);

INSERT INTO ModifierArguments (ModifierId, Name, Value)
VALUES 
 ('MAK_MODIFIER_DOMESTIC_TRADE_ROUTE_ORIGIN', 'TerrainType', 'TERRAIN_GRASS'),
 ('MAK_MODIFIER_DOMESTIC_TRADE_ROUTE_ORIGIN', 'YieldType', 'YIELD_FOOD'),
 ('MAK_MODIFIER_DOMESTIC_TRADE_ROUTE_ORIGIN', 'Origin', 1),
 ('MAK_MODIFIER_DOMESTIC_TRADE_ROUTE_ORIGIN', 'Amount', -2),
 ('MAK_MODIFIER_DOMESTIC_TRADE_ROUTE_DESTINATION', 'TerrainType', 'TERRAIN_GRASS'),
 ('MAK_MODIFIER_DOMESTIC_TRADE_ROUTE_DESTINATION', 'YieldType', 'YIELD_FOOD'),
 ('MAK_MODIFIER_DOMESTIC_TRADE_ROUTE_DESTINATION', 'Destination', 1),
 ('MAK_MODIFIER_DOMESTIC_TRADE_ROUTE_DESTINATION', 'Amount', 3);

INSERT INTO TraitModifiers (TraitType, ModifierId)
VALUES
 ('MAK_TRAIT_DOMESTIC_TRADE_ROUTE', 'MAK_MODIFIER_DOMESTIC_TRADE_ROUTE_ORIGIN'),
 ('MAK_TRAIT_DOMESTIC_TRADE_ROUTE', 'MAK_MODIFIER_DOMESTIC_TRADE_ROUTE_DESTINATION');